{"cameraMode":{"drawMode":0,"name":"Shaded","section":"Shading Mode"},"sceneLighting":true,"audioPlay":false,"sceneViewState":{"showFog":true,"showMaterialUpdate":false,"showSkybox":true,"showFlares":true,"showImageEffects":true,"showParticleSystems":true},"in2DMode":false,"pivot":{"x":-1.2080368995666505,"y":1.2077254056930543,"z":0.5517537593841553},"rotation":{"x":-0.034004323184490207,"y":-0.757269024848938,"z":-0.039561621844768527,"w":0.6510376334190369},"size":4.041658401489258,"orthographic":false}